Txn hash,Blockno,UnixTimestamp,Token,Method,Token In,Token Out,Token Balance Change,TxnFee(CKB),date(UTC)
0xe1d8483b135facb4280e0ac06f84afdee46d763875336068cd8613c0056743c0,19017824,1775450151617,CKB,PAYMENT SENT,4633639.31730524,1248589.31729338,3385050.00001186,0.00001186,2026-04-06 04:35:51
0x6ad0e217a800ae14c650139661ba3c40fdb381091b8fa850c46a5670120229c1,18931447,1774502404138,CKB,PAYMENT SENT,6953227.3173171,4633639.31730524,2319588.00001186,0.00001186,2026-03-26 05:20:04
0x85fb0634ab39ed5f9b5d0fd4f22d6352a76d3102dc5d35581c6c7afa05b0294c,18858860,1773705909310,CKB,PAYMENT SENT,12065049.31732896,6953227.3173171,5111822.00001186,0.00001186,2026-03-17 00:05:09
0xc0d6256f62667a86f655add3d2a0dd22cf76e3afac82d6fd2690026289af72f2,18807765,1773134084991,CKB,PAYMENT SENT,14351635.31734082,12065049.31732896,2286586.00001186,0.00001186,2026-03-10 09:14:44
0x99f25871c99b6f663b301fa267bf94a3c2649c2356f22b5f4cb4f7f1658ecb56,18807679,1773132792614,CKB,PAYMENT SENT,17061663.31735268,14351635.31734082,2710028.00001186,0.00001186,2026-03-10 08:53:12
0x41a182b678b6312ac85807834a915bc9529f1c898b3ee4f27f2c3392b181fcbd,18591468,1770778846821,CKB,PAYMENT SENT,17972410.31736454,17061663.31735268,910747.00001186,0.00001186,2026-02-11 03:00:46
0x2238842cbff411e10c63c316ca9bd4efabcd0e3861d29d1cf9a483b6631eb97e,18153579,1766221042957,CKB,PAYMENT SENT,33172643.67737748,17972410.31736454,15200233.36001294,0.00001294,2025-12-20 08:57:22
0x1cc067b60fe869704d48ab537b36f15ecdf8851b27b93b6bb2e67be79681675b,18145529,1766133943347,CKB,PAYMENT SENT,13095765.47738938,10172643.67737748,2923121.8000119,0.0000119,2025-12-19 08:45:43
0x07aef49a7290a534a901bb1e1bb701c141976cb4a7843cd3c4772e88ed12dfcb,18133885,1766021421865,CKB,PAYMENT SENT,14486461.32040124,13095765.47738938,1390695.84301186,0.00001186,2025-12-18 01:30:21
0x0d802fe8793e15ca39ca7a87f1defdcdcbbfcad4e6ea9bfd823d7b5bccb28907,17622965,1761185336464,CKB,PAYMENT SENT,16415102.32041414,14486461.32040124,1928641.0000129,0.0000129,2025-10-23 02:08:56
0x273e5c732a257da4754d9f62382d6ddcd3f3c2b3d62ff9aab5b268669cb5ae3c,16935617,1754624124771,CKB,PAYMENT SENT,656363.75,296132.74998814,360231.00001186,0.00001186,2025-08-08 03:35:24
0x2992b63caade5c79ce078993d9a8fec7c7811f5f8d834c9d7bff96a981a90d1d,16620146,1751594994366,CKB,PAYMENT RECEIVED,/,656363.75,656363.75,0.00001934,2025-07-04 02:09:54
0x92f233a4cbd76f14e3c6184ce7ba9a9ccb12bda431ac69df42b5c6ee5ae5e3e1,14445455,1730547806775,CKB,PAYMENT SENT,16792369.57043245,16118969.570426,673400.00000645,0.00000645,2024-11-02 11:43:26
0xfea0c34464865457ce34f578286078ec6c0668527a050d40bdd1ea917c6fa890,14088270,1726989222049,CKB,PAYMENT RECEIVED,/,61.99999593,61.99999593,0.00000355,2024-09-22 07:13:42
0xdd9b504c2fb89d2a67d972632710442a15d3ce03db93b7288228c25bb4f0bae2,13286035,1718953209025,CKB,PAYMENT SENT,21490197.13044245,16792307.57043652,4697889.56000593,0.00000593,2024-06-21 07:00:09
0x00825003fae1f0b00fbe2171736452056ca68dd995e3a22470ceaeb966131c63,13285612,1718947831836,CKB,PAYMENT SENT,22086891.4444484,21490197.13044245,596694.31400595,0.00000595,2024-06-21 05:30:31
0x09b6c890badf5478745b7df4b0bd2b91bac97fd2483067d8d7867e259d587567,12335922,1709195485664,CKB,PAYMENT SENT,22789845.44445433,22086891.4444484,702954.00000593,0.00000593,2024-02-29 08:31:25
0x70834d95bb2e4dc3c9aa90ac38436848f2905ec4007b21d4b20699489798d8c8,12327013,1709103683740,CKB,PAYMENT SENT,23541507.77466078,22789845.44445433,751662.33020645,0.00000645,2024-02-28 07:01:23
0xb9baf4ec0268a5361886281816d68271a1222983f93491f37e08780f7686f9fe,12133488,1707108065101,CKB,PAYMENT SENT,1105254.52228163,541507.77466078,563746.74762085,0.00000593,2024-02-05 04:41:05
0x6fb972048691bedc813355972b4856878df1b783dcef1a6b74b1c3d752de203f,12008237,1705817963662,CKB,PAYMENT SENT,3923988.26036225,1105254.52228163,2818733.73808062,0.00000593,2024-01-21 06:19:23
0xa3a60650a3d9a611a02182a085c9371fea0eeeb2e3e40ed86e0bc397089643b3,11992796,1705634011902,CKB,PAYMENT SENT,6742721.99844277,3923988.26036225,2818733.73808052,0.00000593,2024-01-19 03:13:31
0x786d425fdb07d4acbef323fa6b2899e840cee3e9456b5f1c50d67ed2189766bd,11978464,1705377129107,CKB,PAYMENT SENT,7250085.9984487,6742721.99844277,507364.00000593,0.00000593,2024-01-16 03:52:09
0xfac06dbb4c3e92cd51a39fbc8046948362a2a78dc18990c1339c8c758e54ce5f,11921524,1704766926185,CKB,PAYMENT SENT,8727514.99845463,7250085.9984487,1477429.00000593,0.00000593,2024-01-09 02:22:06
0xba424c49fd8285159f160c747be907884cbf6231c1043ca33721870e994e2c21,11835777,1703918448485,CKB,PAYMENT SENT,11114149.99846108,8727514.99845463,2386635.00000645,0.00000645,2023-12-30 06:40:48
0xdbf4402021c46af3f329c3bccc9d8bda17bea57f7a007709deaf91219233a228,10431292,1689097372171,CKB,PAYMENT RECEIVED,/,1477397.9984848,1477397.9984848,0.00011786,2023-07-11 17:42:52
0x6346c982acb2c728167c29a502ef7c6076c56e1a1cc7be0d13073c7988f45e3c,10312819,1687828422351,CKB,PAYMENT SENT,11236751.99998221,9636751.99997628,1600000.00000593,0.00000593,2023-06-27 01:13:42
0x91a771c8839f01c3089f3cf6c580bf8d6d35fbbe552a893f98f612a195a604ae,10032018,1685069873772,CKB,PAYMENT SENT,12552540.99998814,11236751.99998221,1315789.00000593,0.00000593,2023-05-26 02:57:53
0x86da2aa2877deb615dd7ebfe23076c35e268a97e8346200907c4a6314b12c19a,9865740,1683348545596,CKB,PAYMENT SENT,12660876.99999407,12552540.99998814,108336.00000593,0.00000593,2023-05-06 04:49:05
0x036588e50750d3fb69a25fa9e982dad852d9c3392a0fa8e47c84be7118cad5a8,9190999,1676266163285,CKB,PAYMENT SENT,23000000.0,12660876.99999407,10339123.00000593,0.00000593,2023-02-13 05:29:23
0x8205f8cc1331035b14d8649b5ac7be34315928ff194c10c9e83bfde2b8693166,8842301,1672196594348,CKB,PAYMENT RECEIVED,/,138000000.0,138000000.0,0.00000601,2022-12-28 03:03:14
0xdf981199c2753ca1683a920f880f43fa199162c8676ab34334b7745f95c48d8b,8829452,1672048023407,CKB,PAYMENT RECEIVED,/,23000000.00009645,23000000.00009645,0.00000355,2022-12-26 09:47:03
0x385df3eb222e79217fe983c983b37b56b59f6ae62b2d52f54ed38c1da8422344,8828279,1672035324528,CKB,PAYMENT RECEIVED,/,23000000.09999645,23000000.09999645,0.00000355,2022-12-26 06:15:24
0x479a342831d911a0a30f3eb03f7865a3ab5d248c5ffd198450c027c4f41c991b,8826613,1672019468805,CKB,PAYMENT RECEIVED,/,23000000.99999508,23000000.99999508,0.00000492,2022-12-26 01:51:08
0xf71604a250f66fbf2a9e30cba05f428da161ab9d05f2f692867296a9fc3207c8,8817609,1671927935035,CKB,PAYMENT RECEIVED,/,23000000.0,23000000.0,0.00000738,2022-12-25 00:25:35
0x3061bb9bd10043ee4a946ab371d3caa0d6e29ec4af0530f494f5f4e896c33f40,8813373,1671886962588,CKB,PAYMENT RECEIVED,/,23000000.0,23000000.0,0.00000516,2022-12-24 13:02:42
0xb7cec23d2cf2ebdf94a7896b2ed4bd59266d22b0504d527ede5c7fd4826cd699,8808589,1671841920794,CKB,PAYMENT RECEIVED,/,23000000.0,23000000.0,0.00000464,2022-12-24 00:32:00
0x415357296a028949e5e43ae5ef971af29e7bfcc01179ced085778ffabd52dddd,8796802,1671713256375,CKB,PAYMENT SENT,142.99997576,/,142.99997576,0.00000484,2022-12-22 12:47:36
0xa4b6eadca90fef14b56140306ae1a5ff68724c6ee841bcaa19dbea818472af2b,8795506,1671699484093,CKB,PAYMENT SENT,387.99998169,142.99997576,245.00000593,0.00000593,2022-12-22 08:58:04
0x23ffb84cb170f741776ffd2c7629c7ff1c9e15b3ff7765068ea67750e05a8cfc,8795492,1671699210030,CKB,PAYMENT SENT,637.99998762,387.99998169,250.00000593,0.00000593,2022-12-22 08:53:30
0x7dfd83a685f988e6d35f15c333051f31119c5247c2e05635cd711609e2cd9bbb,8794926,1671692566773,CKB,PAYMENT SENT,699.99999355,637.99998762,62.00000593,0.00000593,2022-12-22 07:02:46
0xd0d1203c89d6eb95923d56daa2095c722e48fa99efcb9c849603731520549583,8794779,1671690153309,CKB,PAYMENT SENT,1200.0,699.99999355,500.00000645,0.00000645,2022-12-22 06:22:33
0xdf0ccd375c90a60cdf63912cd376227ea4799fb9103e98258e9bcc0b52fa3cad,8787143,1671607331035,CKB,PAYMENT RECEIVED,/,1000.0,1000.0,0.00000464,2022-12-21 07:22:11
0x77ef83629fdc12a21f202dfdf586c80e7ba7b893cb5e5d5f784e013ab838d110,8787142,1671607329891,CKB,PAYMENT RECEIVED,/,200.0,200.0,0.00000516,2022-12-21 07:22:09
